<library path="forward_command_controller">
  <class name="forward_command_controller/ForwardCommandController" type="forward_command_controller::ForwardCommandController" base_class_type="controller_interface::ControllerInterface">
  <description>
    The forward command controller commands a group of joints in a given interface
  </description>
  </class>
  <class name="forward_command_controller/MultiInterfaceForwardCommandController"
         type="forward_command_controller::MultiInterfaceForwardCommandController" base_class_type="controller_interface::ControllerInterface">
    <description>
      MultiInterfaceForwardController ros2_control controller.
    </description>
  </class>
</library>
